id,email,password_hash,name,created_at
1,user1@example.com,0b14d501a594442a01c6859541bcb3e8164d183d32937b851835442f69d5c94e,김철수,2025-01-03 20:00:00
2,user2@example.com,6cf615d5bcaac778352a8f1f3360d23f02f34ec182e259897fd6ce485d7870d4,이영희,2025-01-11 15:00:00
3,user3@example.com,5906ac361a137e2d286465cd6588ebb5ac3f5ae955001100bc41577c3d751764,박민수,2025-01-13 13:00:00
4,user4@example.com,b97873a40f73abedd8d685a7cd5e5f85e4a9cfb83eac26886640a0813850122b,최지우,2025-01-14 22:00:00
5,user5@example.com,8b2c86ea9cf2ea4eb517fd1e06b74f399e7fec0fef92e3b482a6cf2e2b092023,정우성,2025-01-16 08:00:00
6,user6@example.com,598a1a400c1dfdf36974e69d7e1bc98593f2e15015eed8e9b7e47a83b31693d5,한지민,2025-01-18 04:00:00
7,user7@example.com,5860836e8f13fc9837539a597d4086bfc0299e54ad92148d54538b5c3feefb7c,강동원,2025-01-27 15:00:00
8,user8@example.com,57f3ebab63f156fd8f776ba645a55d96360a15eeffc8b0e4afe4c05fa88219aa,송혜교,2025-01-28 04:00:00
9,user9@example.com,9323dd6786ebcbf3ac87357cc78ba1abfda6cf5e55cd01097b90d4a286cac90e,유재석,2025-01-31 03:00:00
10,user10@example.com,aa4a9ea03fcac15b5fc63c949ac34e7b0fd17906716ac3b8e58c599cdc5a52f0,이효리,2025-02-01 10:00:00
11,user11@example.com,53d453b0c08b6b38ae91515dc88d25fbecdd1d6001f022419629df844f8ba433,조세호,2025-02-11 21:00:00
12,user12@example.com,b3d17ebbe4f2b75d27b6309cfaae1487b667301a73951e7d523a039cd2dfe110,홍길동,2025-02-15 01:00:00
13,user13@example.com,48caafb68583936afd0d78a7bfd7046d2492fad94f3c485915f74bb60128620d,성춘향,2025-02-17 11:00:00
14,user14@example.com,c6863e1db9b396ed31a36988639513a1c73a065fab83681f4b77adb648fac3d6,이몽룡,2025-02-25 10:00:00
15,user15@example.com,c63c2d34ebe84032ad47b87af194fedd17dacf8222b2ea7f4ebfee3dd6db2dfb,임꺽정,2025-02-26 20:00:00
16,user16@example.com,17a3379984b560dc311bb921b7a46b28aa5cb495667382f887a44a7fdbca7a7a,장보고,2025-03-02 01:00:00
17,user17@example.com,69bfb918de05145fba9dcee9688dfb23f6115845885e48fa39945eebb99d8527,이순신,2025-03-02 19:00:00
18,user18@example.com,d2042d75a67922194c045da2600e1c92ff6d87e8fb6e0208606665f2d1dfa892,신사임당,2025-03-03 23:00:00
19,user19@example.com,5790ac3d0b8ae8afc72c2c6fb97654f2b73651c328de0a3b74854ade562dd17a,세종대왕,2025-03-10 20:00:00
20,user20@example.com,7535d8f2d8c35d958995610f971287288ab5e8c82a3c4fdc2b6fb5d757a5b9f8,김유신,2025-03-15 11:00:00
21,user21@example.com,91a9ef3563010ea1af916083f9fb03a117d4d0d2a697f82368da1f737629f717,박지성,2025-03-20 15:00:00
22,user22@example.com,d23c1038532dc71d0a60a7fb3d330d7606b7520e9e5ee0ddcdb27ee1bd5bc0cd,손흥민,2025-03-22 19:00:00
23,user23@example.com,8b807aa0505a00b3ef49e26a2ade8e31fcd6c700d1a3aeee971b49d73da8e8ff,김연아,2025-03-26 21:00:00
24,user24@example.com,fc8a9296208a0b281f84690423c5d77785e493f435e6292cc322840f543729d3,류현진,2025-03-29 07:00:00
25,user25@example.com,0b544d6d8da1d1af25318e97e0ac5f6bc70bba49919463dc0074ede01a49d381,이정후,2025-03-30 03:00:00
26,user26@example.com,869f2a98b0e3a6ea928ff0542330ea3c1e0ff8591801693350f1fc3f1e57e4c5,봉준호,2025-04-03 13:00:00
27,user27@example.com,9c7568513b9c85e73f3650c8b00e3259501096ccee9d3dbdae6ff5e84aabe3af,아이유,2025-04-06 04:00:00
28,user28@example.com,6f5ea1c4acc7a563ea8cb3381a55f0183a2394d679ebb7db8312e047bbf87e0d,수지,2025-04-06 07:00:00
29,user29@example.com,48a94846b2a7386432b90ad13bcf9c66f1efdd3a97e0e14968c262c412fe22c8,공유,2025-04-18 04:00:00
30,user30@example.com,7c682dea8e934e04343374e3d25cd51edce9cbeb47f7034296052cb5cd6bed84,현빈,2025-04-20 19:00:00
31,user31@example.com,a4239ae1725466d26621f102d58c1541c84ff1142f4341c7b66be92e32396d45,이민호,2025-04-21 14:00:00
32,user32@example.com,078aa4687601ab09b1f7581014674b3bf1a3aa68b12c346d01024f1f5206f94b,박서준,2025-04-22 06:00:00
33,user33@example.com,ee13b7d4c8c0595dcabf6016290d65d8a50163569368db690595d5acaa5a168b,지창욱,2025-05-05 14:00:00
34,user34@example.com,72f1ffa2d7a9c9d60c2369fffce54372eea054d567c77f8a518f4f4c06b3856a,김수현,2025-05-06 04:00:00
35,user35@example.com,5bd40f88c4a6b2c20256389878ec2b59515ca478eb3eb0f3673663273bcb639b,송중기,2025-05-08 04:00:00
36,user36@example.com,9777509ca199ac591368c5cfa9ef92b4879ff99098b7e34865172a5ea983542e,김지원,2025-05-16 15:00:00
37,user37@example.com,ca02485287fd4f05de9540613f8ba982e99080b66f8452024cb4c4cc3de7042e,한소희,2025-05-19 14:00:00
38,user38@example.com,014d020993865f93b80ec587e171554db5b45a1a46a9101510de52e148aa184f,고윤정,2025-05-22 19:00:00
39,user39@example.com,f245ffb6352c8c101b0f9ed1187104f11e0a64622cc5da7082aef963dea5a83f,카리나,2025-05-26 12:00:00
40,user40@example.com,825e233a9d192f81d3f6780cb8e181af518054a8d9c83381882e573eed014df2,윈터,2025-06-03 03:00:00
41,user41@example.com,a13b6ab0bb26b7d8bf31628b3b524efade4ac5b02712a95210c0abda5148ec85,장원영,2025-06-03 05:00:00
42,user42@example.com,fe404abb6785bd17ac4c937c2837d3ad6d6ac1ed17e099a89a9c5e18d1e936fe,안유진,2025-06-04 13:00:00
43,user43@example.com,fe4597a9d0a16c51ab5c8224dae83f170b69cede0f1a7f40f447f163dcbf9295,민지,2025-06-06 01:00:00
44,user44@example.com,f9d07093d0de736c8881640c3e55714bebd5faf5d6ebbfb41e486e1660c8fc0e,하니,2025-06-07 21:00:00
45,user45@example.com,0528d31561cee040ee92e2857a2d71a373605b91da87d09ae5359a0689c45e6c,해린,2025-06-08 01:00:00
46,user46@example.com,f7944ecca058c63c386de56353cddf278c98f3143bd4a00bb0b2015adb69ed39,혜인,2025-06-10 08:00:00
47,user47@example.com,7ff9543ea5b226aeb9dcbf13672c32e62623e70edc4177512b169ec4e39846ea,다니엘,2025-06-16 14:00:00
48,user48@example.com,172e362eecb6dff98dbeb4a7c42367109c1b288ecf45ff271fb79acd352ba8f9,차은우,2025-06-25 09:00:00
49,user49@example.com,3cd00931dd1de5d07fcafb463ba5c4d95d31dca8a35480cac4a2beb771cb90df,서강준,2025-06-25 12:00:00
50,user50@example.com,b5d966eb0c2845953fab12c306c906a3561162262115c3b6fc19aead8d142157,남주혁,2025-06-29 19:00:00
51,user51@example.com,b799be36e0059d7867f1379a24171b2b09d91be5d2cac0a12d97c0302a6b07ce,김태리,2025-07-01 04:00:00
52,user52@example.com,9626a29ac1d7006741337f6ebc6a5a41cfdc3aa65d2b10ff9cda937c6a7fd35b,김고은,2025-07-09 21:00:00
53,user53@example.com,a60f6d009343ab015ee59fa2ff29e5aa12dd69aa7a7285f15e1fdec6ce7407d7,박보영,2025-07-13 03:00:00
54,user54@example.com,49a9b3d96db1310ff79b9ae1cdb1e148b4d5995b7f889e5ad2b611f452fecf71,신세경,2025-07-28 10:00:00
55,user55@example.com,92b32cbd4cc1b06d83ec4c305c52d651b9c125a7b12dbb7c6a1cf796f6e389e5,천우희,2025-07-28 21:00:00
56,user56@example.com,58bcc70c0e1ead10857a4b2deb02f167a42461fe5ff5b0040f93ef822b538c2c,임시완,2025-07-31 15:00:00
57,user57@example.com,5436508fb28e193da4a51c675d96e1d412d5e2ab3e128e509a27efccff2a9240,도경수,2025-08-02 09:00:00
58,user58@example.com,5613bf613df8da20ca171ba2110c3b2558506e8e0af57891dcf0c056f41b7718,박형식,2025-08-04 05:00:00
59,user59@example.com,fe38739fb81956f6064587c7a78565fa71448c44408b48012122e7e7ea83e1a6,육성재,2025-08-05 23:00:00
60,user60@example.com,25b30bd22b6218deda2022fccd2c726bd6da37b4b624ca72028b587bed7b8908,이승기,2025-08-11 12:00:00
61,user61@example.com,a94483aff86454580a66cf4794f417e1b406b6dde7de2e5796a4a0b3e07356b6,조인성,2025-08-13 10:00:00
62,user62@example.com,c1ce757c52862f31178c2e77cb391dc605735ea5416c50d2b68dd1c0f559049e,소지섭,2025-08-17 09:00:00
63,user63@example.com,1d4a516ebe2acdffd5da7ab190d0c61871ba892df25f528915a84e787360a78f,송승헌,2025-08-20 03:00:00
64,user64@example.com,863ecfd7228c0856c236ce48331bf756489d8faade33e7d8d8762c52841a4f58,원빈,2025-08-26 03:00:00
65,user65@example.com,893f05cca9f0bdf66d78944a09e9cbe3a1ddc76838e329cae5d22a339b45e272,이정재,2025-08-26 22:00:00
66,user66@example.com,60dbb6453448c39993cdd41edf3451a7d5e0eaf298207ee001f110c4d7785c8c,정우,2025-08-27 01:00:00
67,user67@example.com,fb8a6ce5d0214341f9c78591b4e4ef31050cc952a56ef18c3a597fe0dcb3cd49,황정민,2025-08-27 21:00:00
68,user68@example.com,88e43563eb048331cecc5f4f6823b2328bb482be858f5984ec8fe93e6bad1e78,하정우,2025-08-28 11:00:00
69,user69@example.com,7109b84353bb31d935391d9294fe71155d9e618e1273b2f1531e912318610f60,이병헌,2025-08-30 15:00:00
70,user70@example.com,34fe23cf9636ea9d587823e90887a150c7e22e6f330dcae8ff5d3fa1bbc37852,공효진,2025-09-04 08:00:00
71,user71@example.com,c4f0ad5f4a97c4ba3bc11f6d661db99bcc08cd3121e329363c7155984a0c7328,김혜수,2025-09-04 09:00:00
72,user72@example.com,caf36247fd592c6b1812c628345b69b920ece1c8ea3e15242862befcc8707288,염정아,2025-09-08 23:00:00
73,user73@example.com,e156770ced012a06461e24cd9a8318aae9a83acaab7b277ff104d4397e89be88,윤여정,2025-09-09 04:00:00
74,user74@example.com,866cd269d3ff5014cece938df15524672537b7253b659875c9a8531f2d8d169c,나문희,2025-09-20 16:00:00
75,user75@example.com,d6afbbefeb937109f96b5f5421c8eb64694e8e2d4534cefffa5ba4a805f629f7,김희애,2025-09-27 08:00:00
76,user76@example.com,e57a2fc7529930d46edee4d20ee17e70001fd51a267c11768f9a0dc6dab2fdc1,전지현,2025-10-05 21:00:00
77,user77@example.com,3ce2c52df9e92052d433b2449b5f33dd97c344aaeffd9f5e006a3ae933126a5a,손예진,2025-10-09 17:00:00
78,user78@example.com,98bbb2f3c8ffa8e403751db051f7b5a31498137940e50b01d237557a89bdd124,김태희,2025-10-17 08:00:00
79,user79@example.com,2cc0d1f43b0e59cc929a49d62414227944658c64e5e449964efd054768e14173,한가인,2025-10-19 21:00:00
80,user80@example.com,24069004ae289e583afeb41e969e0f2b8c1b7d80326dcf9be9ec7411698dd33b,문채원,2025-10-21 09:00:00
81,user81@example.com,bef99eeb6e6389703b5318b99ea03d8d9187f9800374c466fd2a6ae64da3c8ee,박은빈,2025-10-22 17:00:00
82,user82@example.com,f3ea05e3c808ef144db4f1d98793db15f1d0f6a0b6e149bafa4d876e9d560f25,이세영,2025-10-24 07:00:00
83,user83@example.com,a716312b9827d16a1b61a468c1760d0d315ec621f6223f90abf85579e1f50c61,김소현,2025-10-30 04:00:00
84,user84@example.com,408184fd8069021a6d8c87e0d8c7e94784051d9202d64dbc921e9b0541fb41a0,김유정,2025-11-03 04:00:00
85,user85@example.com,879fbfd675a34ad3b2724c4ec94988dc267c8e2492aa9dd8010964ca9c4c90fb,여진구,2025-11-09 22:00:00
86,user86@example.com,a6ece1b636088887bed0d98612613b3700fe1425531d8726c5fc973a61e8dde3,박보검,2025-11-13 01:00:00
87,user87@example.com,0e3d1ff5111b4fe10af191b5bf69378159bd7ca6cba1eb7262a405c18088afe2,유승호,2025-11-16 08:00:00
88,user88@example.com,d40a16374040c8925cbef829db5fe9081e2b2e7fa968146b68a0555290ef0cb4,서인국,2025-11-27 07:00:00
89,user89@example.com,e2498760a6015150f28936de701f73a4fc8797cfcdfdde37bfc5d2e1d377eef9,이종석,2025-11-28 03:00:00
90,user90@example.com,a5536e54583b2a30f0a9048e0ac4be50d154e5c0b0b736ea23552154628f7142,김우빈,2025-12-06 07:00:00
91,user91@example.com,a008bcb423edd46dd39bf5633677d70d7e92f05295fa94ad86d67ad5a97fa4a7,안효섭,2025-12-07 05:00:00
92,user92@example.com,6a625e69e990b5f6a093a7b0acb4156ad7c8e705245f5b91e0aa740f90d1e173,이도현,2025-12-08 05:00:00
93,user93@example.com,d7564185a138164df46bfd84a11627c0fdd37295b89ae7230afdd51c0c983b77,송강,2025-12-08 10:00:00
94,user94@example.com,639b2151255f1fadb444ef3fdcc9ade5fdb385395b338528746905ba8c52ba27,로운,2025-12-12 20:00:00
95,user95@example.com,ea1a2d06bbb09a6ea84f918fdb18ac17615365afa5ff09ac73eaf6e68cb5352f,황민현,2025-12-18 06:00:00
96,user96@example.com,7d1efd5e066097bb201fe40e651bea92f53b9a3e8c99cd76e15030f9d072c2d8,배인혁,2025-12-19 21:00:00
97,user97@example.com,048a93fe25bed33f6e0d37f4ed4b53a39b2201ebe7dae0fad74eb52e7ce5c3bc,문상민,2025-12-21 11:00:00
98,user98@example.com,1a52ea1a2b0f7dbbc246387f37b6a1ee0bae2a7d3de65139e54dbd325a8cdf8d,김도훈,2025-12-21 19:00:00
99,user99@example.com,5f5b24ad65531525ddcccace0598dafaa386e30749babf12c7b0cda2af45c582,이재욱,2025-12-24 02:00:00
100,user100@example.com,b3351ed9be23d5ad99cc73bdc1aed73913503f064534ead302d7485b72b072fe,최현욱,2025-12-25 02:00:00
